,mape,mse,rmse,r2score
0,35877527.34196399,4.64997903072143,5989.785250070656,0.6731380391690731
