,mape,mse,rmse,r2score
0,118152.22,0.2925834107772786,343.7327741138456,0.9941175132603979
