,mape,mse,rmse,r2score
0,94166.80392156863,0.24883235175274837,306.86610096517444,0.9931139893774897
