,mape,mse,rmse,r2score
0,97346.53915808335,0.2558513048285269,312.00406913706007,0.993832345618726
