,mape,mse,rmse,r2score
0,28210.061128864167,0.11157549606132877,167.95851014123747,0.9982126749587379
