,mape,mse,rmse,r2score
0,303640923.786887,13.782145576990757,17425.295515051876,0.9757822253339762
