,mape,mse,rmse,r2score
0,1481965.3191136774,0.7411759263139663,1217.3599792640127,0.9896813098230366
