,mape,mse,rmse,r2score
0,1190652.6578994994,0.8509152456809708,1091.170315715883,0.9917096738184191
