,mape,mse,rmse,r2score
0,1510437.3461538462,0.7554101519630398,1228.9985134872402,0.9888132959867846
