,mape,mse,rmse,r2score
0,1624388.3333333333,0.8053175622473709,1274.5149404119722,0.990240400489325
