,mape,mse,rmse,r2score
0,2196734.6003140127,0.3480343772329336,1482.138522646926,0.9988226055937934
