,mape,mse,rmse,r2score
0,9201949.307692308,0.7755835324183881,3033.471494458504,0.9948155167253115
