,mape,mse,rmse,r2score
0,9323952.639501031,0.7879636653604203,3053.5148009304016,0.9950025962717961
