,mape,mse,rmse,r2score
0,3918378554.354971,14.763393976815204,62596.95323540093,0.9850903800986224
