,mape,mse,rmse,r2score
0,10802907.28,0.9078820763223687,3286.777643832938,0.9946240104245367
