,mape,mse,rmse,r2score
0,7802468.2549019605,0.8728778054684287,2793.2898623132473,0.9901637856798519
