,mape,mse,rmse,r2score
0,7508193.327019458,0.8399601814287477,2740.108269214824,0.9915782558481373
