,mape,mse,rmse,r2score
0,5298768.885736592,0.859851230917946,2301.9054901834247,0.9940565094781277
