,mape,mse,rmse,r2score
0,7952923.84,0.9220672637153476,2820.0928779031374,0.9915810925727361
