,mape,mse,rmse,r2score
0,1885907082.8577564,15.926470267584818,43427.03170673488,0.986748148608586
