,mape,mse,rmse,r2score
0,3978308.878615801,0.18411996213186346,1994.5698480163087,0.9994620163470102
