,mape,mse,rmse,r2score
0,35451112.666666664,0.666280269705545,5954.083696646081,0.994628096899057
