,mape,mse,rmse,r2score
0,37053074.94951356,0.6889179212619005,6087.123700855237,0.9949893411436713
