,mape,mse,rmse,r2score
0,15666653101.284882,12.643697951806496,125166.5015141227,0.9588585964424321
