,mape,mse,rmse,r2score
0,148986.78901638143,0.10062778285327804,385.9880684896639,0.9994800955545281
