,mape,mse,rmse,r2score
0,1397177.7553803066,0.35010685715213086,1182.022738943844,0.9951244071307768
