,mape,mse,rmse,r2score
0,600075838.9395703,6.581842090328983,24496.4454347885,0.9026173667574746
