,mape,mse,rmse,r2score
0,1441294.9607843137,0.35644017298722114,1200.539445742752,0.9943642395411275
