,mape,mse,rmse,r2score
0,36941272.942307696,0.7544172128427616,6077.933278862783,0.995169517029573
