,mape,mse,rmse,r2score
0,37191392.328125,0.7621087749465874,6098.474590266405,0.9953873871771364
