,mape,mse,rmse,r2score
0,2868414.4294943586,0.17386207604050863,1693.6394036200145,0.9996442487266397
