,mape,mse,rmse,r2score
0,45775056.58,0.9125845708311757,6765.726611384766,0.9949538141722976
