,mape,mse,rmse,r2score
0,17078890353.008673,14.095796519568035,130686.22862799536,0.9766076612803091
