,mape,mse,rmse,r2score
0,361199.09803921566,0.8094671423189967,600.9984176678136,0.9950551642531814
