,mape,mse,rmse,r2score
0,173109845.59661844,15.585194911962027,13157.121478371264,0.989329032399892
