,mape,mse,rmse,r2score
0,37884.5330412474,0.2192429839300985,194.63949507036696,0.9995305772030253
