,mape,mse,rmse,r2score
0,366711.7350889962,0.8273646405873577,605.5672837009907,0.9954561179840464
