,mape,mse,rmse,r2score
0,414481.5381243872,0.09755672379123362,643.802406118824,0.998996682926182
