,mape,mse,rmse,r2score
0,899092610.9350293,5.514813459115107,29984.87303516607,0.7627191150232173
