,mape,mse,rmse,r2score
0,2157724.4423076925,0.2971564451454768,1468.9194812200199,0.9944526602165102
