,mape,mse,rmse,r2score
0,2203824.736199145,0.30151011781111897,1484.5284558401518,0.9946652992180622
