,mape,mse,rmse,r2score
0,3027.863821211565,0.4137202129369939,55.02602857931476,0.9993463818703527
