,mape,mse,rmse,r2score
0,20378.634615384617,1.3202012006863229,142.75375517086974,0.9954514486458023
