,mape,mse,rmse,r2score
0,9591889.012744207,25.65619824509216,3097.0774954373046,0.9963175638037345
