,mape,mse,rmse,r2score
0,20640.58004849812,1.3454248067058183,143.66829869006634,0.9955443645676458
