,mape,mse,rmse,r2score
0,155369.431372549,0.3974704553378528,394.16929278236404,0.9945584034679659
