,mape,mse,rmse,r2score
0,32993.282006584326,0.15425760820969306,181.64052963637914,0.998955521207028
