,mape,mse,rmse,r2score
0,154694.7216624134,0.3994188072176594,393.31249873658146,0.9951027801317598
