,mape,mse,rmse,r2score
0,176890.306122449,0.4403906726161488,420.58329272862113,0.9944788779077439
