,mape,mse,rmse,r2score
0,65003842.14612305,7.441394453705197,8062.496024564791,0.8840224362073063
