,mape,mse,rmse,r2score
0,22349581.23472881,7.571298221661611,4727.53437160734,0.8639169771296845
