,mape,mse,rmse,r2score
0,70212.46534268362,0.433337463551308,264.97634864773045,0.993437694646422
