,mape,mse,rmse,r2score
0,32091.98507891375,0.24217560782760192,179.14235981172558,0.9970005695646429
