,mape,mse,rmse,r2score
0,68497.50980392157,0.4213163506083988,261.7202892477417,0.9927724681523779
