,mape,mse,rmse,r2score
0,569.802439055069,0.6374590991052007,23.870534955360114,0.9843445033384435
