,mape,mse,rmse,r2score
0,766.0814412910984,0.5527505268148668,27.678176263820173,0.9789516775910921
