,mape,mse,rmse,r2score
0,615.22,0.49428214486726224,24.803628766775237,0.9815797588298741
