,mape,mse,rmse,r2score
0,615.6938775510204,0.5031345824090464,24.813179513134152,0.9808800648205562
