,mape,mse,rmse,r2score
0,73635.03737539545,9.8381103203835,271.3577663812028,0.9732544973222678
