,mape,mse,rmse,r2score
0,1330901.224489796,1.1036743508716966,1153.646923668501,0.9947623597041406
