,mape,mse,rmse,r2score
0,474225296.4005075,16.94382921312133,21776.7145455991,0.9722127768862744
