,mape,mse,rmse,r2score
0,161147.64525227118,0.26927909469591504,401.43199330929167,0.9992716793408365
