,mape,mse,rmse,r2score
0,1106293.34,0.9005328053866342,1051.804801282063,0.9939378655039003
