,mape,mse,rmse,r2score
0,1092952.0722126511,0.9104199041275127,1045.443481118253,0.9950603089953817
