,mape,mse,rmse,r2score
0,19089.42,0.5444045775903217,138.1644672120875,0.9949051556166049
