,mape,mse,rmse,r2score
0,7263485.316283447,9.118117422305549,2695.0854005547667,0.9857120787372612
