,mape,mse,rmse,r2score
0,16378.659381362628,0.4725353677907374,127.97913650811459,0.9952538868013802
