,mape,mse,rmse,r2score
0,1982.995794474803,0.1352958493858266,44.53084093608387,0.9994253789462357
