,mape,mse,rmse,r2score
0,16463.78846153846,0.471601465138324,128.31129514403034,0.9949942235322997
