,mape,mse,rmse,r2score
0,4531112.90836435,0.6342881343949734,2128.641094305085,0.9944916659793468
