,mape,mse,rmse,r2score
0,1166061.4081922015,0.27871624070800477,1079.8432331557212,0.998582455159513
