,mape,mse,rmse,r2score
0,1754622862.528749,11.832558587336127,41888.218660248,0.9767948641810181
