,mape,mse,rmse,r2score
0,4629392.482758621,0.658089463124219,2151.602305901028,0.9955475029395485
