,mape,mse,rmse,r2score
0,46291541.87601341,0.9301526197469387,6803.78878831592,0.9952413592966052
