,mape,mse,rmse,r2score
0,53214034.46428572,1.1478772522638585,7294.795025515502,0.9961379106691799
