,mape,mse,rmse,r2score
0,21130453450.982914,18.122098130884638,145363.17776859074,0.9886709575946542
