,mape,mse,rmse,r2score
0,7411198.357977401,0.3060424484381152,2722.351622766134,0.9992381495897963
