,mape,mse,rmse,r2score
0,46483806.362068966,0.9714651538243309,6817.90336995685,0.9961881410543427
