,mape,mse,rmse,r2score
0,5014813.928571428,0.3589908746633446,2239.3780227043912,0.995668852055906
