,mape,mse,rmse,r2score
0,2103245194.9249442,6.644434763678468,45861.151260352635,0.8738833940491282
