,mape,mse,rmse,r2score
0,643072.6317489952,0.10766925272319909,801.9180954118664,0.9993543198282286
