,mape,mse,rmse,r2score
0,4870735.191572081,0.34945096327978115,2206.9742163360406,0.9951095148823335
