,mape,mse,rmse,r2score
0,20243004.045732606,0.9810420854343695,4499.222604598777,0.9959519850849483
