,mape,mse,rmse,r2score
0,20583125.78846154,0.9906404557836741,4536.862989826951,0.995718755677115
