,mape,mse,rmse,r2score
0,22158269.74,1.1083887547680473,4707.257135530202,0.99542779959594
