,mape,mse,rmse,r2score
0,1621044.8795187082,0.22614537212199975,1273.2026074112118,0.9996758379420646
