,mape,mse,rmse,r2score
0,10514625040.113464,19.26582662724543,102540.84571580958,0.9954486403505303
