,mape,mse,rmse,r2score
0,447652.08252241026,1.1321959259964205,669.0680701710479,0.9951279177239489
