,mape,mse,rmse,r2score
0,77708.04322656505,0.39381959242616615,278.7616243792625,0.9991542539510205
