,mape,mse,rmse,r2score
0,435802.3846153846,1.1042921142325586,660.1533038737174,0.9949945089875896
