,mape,mse,rmse,r2score
0,195550103.93887666,20.716131203235992,13983.92305252273,0.982270105023957
