,mape,mse,rmse,r2score
0,46600.136369832464,0.1024284073525157,215.87064730952298,0.999743967220665
