,mape,mse,rmse,r2score
0,875945.2352941176,0.5311408974107077,935.9194598330123,0.9945677387289859
