,mape,mse,rmse,r2score
0,383914819.17761284,9.949862243323125,19593.744388901596,0.9355361238503663
