,mape,mse,rmse,r2score
0,860236.330681567,0.5295790492957552,927.4892617607856,0.9952736469077832
