,mape,mse,rmse,r2score
0,17767394.173076924,1.0112837808981585,4215.138689660985,0.9951962827548536
