,mape,mse,rmse,r2score
0,17714582.257499263,1.0174630006930034,4208.869474989604,0.9954058963843595
