,mape,mse,rmse,r2score
0,8109826281.746783,19.185126919536525,90054.57390797418,0.9954386991702091
