,mape,mse,rmse,r2score
0,3397432.7286509024,0.38581348744453076,1843.2126108105115,0.9991189090571988
