,mape,mse,rmse,r2score
0,6930887.378165468,0.2567369608572646,2632.65785436799,0.9980974907201736
