,mape,mse,rmse,r2score
0,30838536.64,0.7727854476834717,5553.245595145239,0.9933606295765378
