,mape,mse,rmse,r2score
0,22114226.0,0.596904800832966,4702.576527819617,0.9935249704930614
