,mape,mse,rmse,r2score
0,22165942.98054245,0.6028650756353557,4708.072108681265,0.9939155103934547
