,mape,mse,rmse,r2score
0,7928889942.761227,11.018467937162145,89044.3144886928,0.9602147856746037
