,mape,mse,rmse,r2score
0,594177.0389955152,0.100392725281189,770.8288000558329,0.9997549182878965
