,mape,mse,rmse,r2score
0,5125580268.275566,10.017929552988598,71593.1579711048,0.9427627091462534
