,mape,mse,rmse,r2score
0,11980937.884615384,0.5330241494501605,3461.34914225875,0.99475513892754
