,mape,mse,rmse,r2score
0,12034430.3411704,0.5376420959536231,3469.0676472462164,0.9950361279574346
