,mape,mse,rmse,r2score
0,548412.7603137898,0.4071525266835116,740.5489587554558,0.9942080336071994
