,mape,mse,rmse,r2score
0,561840.5882352941,0.4101477831431478,749.5602632445867,0.9932000793316602
