,mape,mse,rmse,r2score
0,164038.64508843655,0.19400449835664926,405.01684543786143,0.9982675342584495
