,mape,mse,rmse,r2score
0,202630396.9208609,7.534461333763795,14234.830414193942,0.9139422996194118
