,mape,mse,rmse,r2score
0,171726350209.8896,16.003845355267153,414398.78162211046,0.9927085382964123
