,mape,mse,rmse,r2score
0,48472162.6230594,0.25948683233527353,6962.195244537415,0.9994031808808559
