,mape,mse,rmse,r2score
0,339771739.09090906,0.8022009481744552,18432.898282443515,0.996120171704355
