,mape,mse,rmse,r2score
0,351319152.6017099,0.8210296235673504,18743.509612708873,0.9956743422234999
