,mape,mse,rmse,r2score
0,378365147.5740741,0.9211639643606172,19451.610410813653,0.9957686904068909
