,mape,mse,rmse,r2score
0,428973.7514959371,0.42850711956174947,654.9608778361782,0.9927027192984726
