,mape,mse,rmse,r2score
0,25580550.88730393,0.253776152283066,5057.721906877041,0.9992752782467715
