,mape,mse,rmse,r2score
0,413358.7843137255,0.4120632478620925,642.9298440061135,0.9920427476731071
