,mape,mse,rmse,r2score
0,217838.6745597888,0.304940845086767,466.7319086582669,0.9962943421354616
