,mape,mse,rmse,r2score
0,128225710.00294349,7.697135702524786,11323.679172554452,0.9474002843419749
