,mape,mse,rmse,r2score
0,4458973.62,0.5567892557835602,2111.628191704212,0.994879968115872
