,mape,mse,rmse,r2score
0,3767865.173076923,0.481865367413986,1941.0989601452377,0.9948537524859293
