,mape,mse,rmse,r2score
0,3741856.699955778,0.4817427545387116,1934.3879393637094,0.99516339210023
