,mape,mse,rmse,r2score
0,1592289227.7489648,8.745900867876383,39903.49894118265,0.9232494972464377
