,mape,mse,rmse,r2score
0,481369.25491109013,0.14551735029791527,693.8077939250107,0.9993777970329444
