,mape,mse,rmse,r2score
0,5440666.115384615,0.4532721065039775,2332.523550874592,0.9946112422342871
