,mape,mse,rmse,r2score
0,6573012.6,0.5331753416208257,2563.7887198441294,0.9949443549561569
