,mape,mse,rmse,r2score
0,2294386588.661883,8.429935560582653,47899.755622152006,0.9353309133988602
