,mape,mse,rmse,r2score
0,682345.1495711756,0.14175581218074954,826.0418570333925,0.9993658807320902
