,mape,mse,rmse,r2score
0,5388527.6219966095,0.45238378017789577,2321.3202325393645,0.994992315556255
