,mape,mse,rmse,r2score
0,260187.42857142858,1.569204946779287,510.08570708404346,0.9945690954778663
