,mape,mse,rmse,r2score
0,66500.89428960922,0.6299850220246219,257.8776731119025,0.9985347054288484
