,mape,mse,rmse,r2score
0,217168.50061279873,1.2810426453212649,466.0134124816567,0.9952148639748023
