,mape,mse,rmse,r2score
0,223503.568627451,1.3014097284685917,472.7616403933921,0.9945352936697592
