,mape,mse,rmse,r2score
0,97572450.63713144,25.463326704569916,9877.876828404545,0.9868179448508475
