,mape,mse,rmse,r2score
0,8980749.960784314,0.6512981163288082,2996.7899427194284,0.9945000463308613
