,mape,mse,rmse,r2score
0,10941117.285714285,0.7757385068033776,3307.735975817037,0.9945336729342777
