,mape,mse,rmse,r2score
0,1317011.0847928391,0.21163790972998056,1147.6110337535272,0.9992819844880894
