,mape,mse,rmse,r2score
0,8751292.375571197,0.6442584707796488,2958.2583348266253,0.9952289211932385
