,mape,mse,rmse,r2score
0,3946087135.988759,12.298950300554761,62817.88866229713,0.9812301483606871
