,mape,mse,rmse,r2score
0,9064411.921568627,0.6596242548311299,3010.7161808394735,0.9931993019278017
