,mape,mse,rmse,r2score
0,3168927868.9968476,12.646980501037424,56293.23111171402,0.9883577446235671
