,mape,mse,rmse,r2score
0,4247546.363259908,0.4526192603648278,2060.957632572758,0.9971490660078499
