,mape,mse,rmse,r2score
0,8918766.30417158,0.6550460082018912,2986.4303615138224,0.9940137642181989
