,mape,mse,rmse,r2score
0,4902104.554779628,0.6513784808324745,2214.0696815546767,0.9956404982661794
