,mape,mse,rmse,r2score
0,182969.7301007266,0.10804547765511886,427.74961145596217,0.9998372827738174
