,mape,mse,rmse,r2score
0,2428412962.8294597,12.495947814178503,49278.93021190151,0.9864512477613325
