,mape,mse,rmse,r2score
0,4896013.25,0.6473675962418495,2212.6936638405236,0.9954199502761577
