,mape,mse,rmse,r2score
0,52929358.11764706,1.043050819164764,7275.2565671354205,0.9948441128688611
