,mape,mse,rmse,r2score
0,12496632.010010557,0.39585407935040984,3535.0575681324567,0.9987337834737118
