,mape,mse,rmse,r2score
0,45249446.51923077,0.9159365645970835,6726.770883509469,0.995218986101196
