,mape,mse,rmse,r2score
0,20937452671.48158,17.786149814966283,144697.79774233463,0.993188206595085
