,mape,mse,rmse,r2score
0,49671986.70824735,0.9599671703612842,7047.8356045134415,0.9949670046766864
