,mape,mse,rmse,r2score
0,72441.24489795919,0.46572584571470815,269.14911275714655,0.9937263223800594
