,mape,mse,rmse,r2score
0,1227909481.732143,1.353421922529229,35041.53937446446,0.9960782411634848
