,mape,mse,rmse,r2score
0,412885.96,0.9442204634895569,642.5620281342494,0.9953146021893299
