,mape,mse,rmse,r2score
0,160611104.3137255,0.7974910383808255,12673.24363822165,0.9952827713806526
