,mape,mse,rmse,r2score
0,715129.1020408163,0.4874269990915413,845.6530624557664,0.9934454038663594
