,mape,mse,rmse,r2score
0,33114363.175438598,0.5407799123785173,5754.508074148354,0.9959916528914454
