,mape,mse,rmse,r2score
0,15692502.1,0.6633445234920677,3961.3762886148547,0.994761666304653
