,mape,mse,rmse,r2score
0,1605969.86,0.38999732446505686,1267.2686613342887,0.9949208416211877
