,mape,mse,rmse,r2score
0,6638513.72,0.6631692903278943,2576.5313349540306,0.9895525320506257
