,mape,mse,rmse,r2score
0,9116902.76,0.8955134699458713,3019.420931238306,0.9952078617445179
