,mape,mse,rmse,r2score
0,10053344.88,0.7498257443354964,3170.701007663763,0.9937783297299686
