,mape,mse,rmse,r2score
0,1653950469.6378126,1.925319437672504,40668.78987181463,0.45465296253197285
