,mape,mse,rmse,r2score
0,5721692.66,0.7558696526885403,2392.0059907951736,0.9954367160560533
