,mape,mse,rmse,r2score
0,2632980.04,0.3407823323366245,1622.6459995944895,0.9944920976521021
