,mape,mse,rmse,r2score
0,3637340.62,0.7619528561414386,1907.1813285579324,0.9951376085862229
