,mape,mse,rmse,r2score
0,73828760085.99683,15.169780969893882,271714.4826578017,0.9959313090194672
