,mape,mse,rmse,r2score
0,170579271.56862745,1.1230180723828687,13060.59996970382,0.9957988872803615
