,mape,mse,rmse,r2score
0,500405.1568627451,1.3045592910693307,707.3932123386152,0.9952511494078682
