,mape,mse,rmse,r2score
0,1093485.36,0.6375753152148876,1045.6985033937842,0.9950019372713571
