,mape,mse,rmse,r2score
0,0.9148936170212766,0.2879984629538652,0.9565007145952775,0.9526365127724397
