,mape,mse,rmse,r2score
0,44237851.8,0.803758604796414,6651.154170518076,0.99484450530601
