,mape,mse,rmse,r2score
0,960634.7647058824,0.7476526011217726,980.1197705922896,0.995079956129055
