,mape,mse,rmse,r2score
0,490945.1836734694,0.48357153706661377,700.674805936013,0.9926631209027494
