,mape,mse,rmse,r2score
0,18226130.68,1.0818974068870788,4269.2072659921305,0.9950543688719785
