,mape,mse,rmse,r2score
0,5843966.961538462,0.7161170668474336,2417.4298255664967,0.9950878608310644
