,mape,mse,rmse,r2score
0,19845.26,1.4077751416876245,140.87320540116917,0.9951491162708437
