,mape,mse,rmse,r2score
0,5627449.894736842,0.7780173238120222,2372.2246720614053,0.9954939595147981
