,mape,mse,rmse,r2score
0,6660525.218181818,0.44019067663013145,2580.799337062418,0.9954805051845967
