,mape,mse,rmse,r2score
0,29723145.384879727,4.075984375847593,5451.893742992404,0.9997769297563355
