,mape,mse,rmse,r2score
0,73847262.40384616,0.9270232416398875,8593.44298892162,0.9903046832662873
