,mape,mse,rmse,r2score
0,72757443.26234522,0.925931995783727,8529.797375222064,0.990935934514453
