,mape,mse,rmse,r2score
0,17250011574.63221,17.5897387914742,131339.29942950135,0.9851544380016872
