,mape,mse,rmse,r2score
0,150759522.29216975,0.8921784640835719,12278.416929399724,0.9812184963990727
