,mape,mse,rmse,r2score
0,76522521.60784313,1.025791241454439,8747.715222150475,0.9915834234307211
