,mape,mse,rmse,r2score
0,1146456567.0348885,10.76117288231606,33859.364539738315,0.9542506037851095
