,mape,mse,rmse,r2score
0,5764251.980769231,0.5914138124207282,2400.8856659094017,0.9885524589826553
