,mape,mse,rmse,r2score
0,2872788.0230958625,0.481973116119113,1694.93009386696,0.9946681766507772
