,mape,mse,rmse,r2score
0,5655675.969897,0.5804137232163654,2378.1665143334685,0.989503205614371
