,mape,mse,rmse,r2score
0,0.7348140438946007,0.5431497345751981,0.8572129513105834,0.9588760629323412
