,mape,mse,rmse,r2score
0,0.5,0.19392901326501313,0.7071067811865476,0.9665961086786325
