,mape,mse,rmse,r2score
0,41.32243882425989,4.101947762365547,6.428253170516847,0.8091072449883788
