,mape,mse,rmse,r2score
0,0.9248715732916575,0.3102674222948294,0.9617024348995158,0.9482394754268356
