,mape,mse,rmse,r2score
0,8602937.842810288,0.4082704901492788,2933.0765149941603,0.9932333155172343
