,mape,mse,rmse,r2score
0,9826137.26,0.44828858088506063,3134.6670094285932,0.9933324104350456
