,mape,mse,rmse,r2score
0,2933677.1579476492,0.21693761768197314,1712.7980493764142,0.9976925013216597
