,mape,mse,rmse,r2score
0,2694222279.9001937,7.3356882437852695,51905.89831512594,0.9074833690776548
