,mape,mse,rmse,r2score
0,7890678.039215687,0.39608247899989857,2809.035072621146,0.9930256401116008
