,mape,mse,rmse,r2score
0,145567983.09615386,0.7150621026033461,12065.15574272267,0.9951195200954357
