,mape,mse,rmse,r2score
0,66118205104.18456,13.506498025220809,257134.60503048703,0.9945930879633118
