,mape,mse,rmse,r2score
0,148309340.6895637,0.7270211072225298,12178.232248136988,0.995259629708947
