,mape,mse,rmse,r2score
0,22921186.84526697,0.2315618602931697,4787.607632760539,0.9992673764669724
