,mape,mse,rmse,r2score
0,8540301.238373378,0.8291713465167971,2922.3793796106243,0.9954569735715778
