,mape,mse,rmse,r2score
0,8450782.807692308,0.8179818355515505,2907.0230146478557,0.9953020493413749
