,mape,mse,rmse,r2score
0,1478698.3519636947,0.3034310528465072,1216.0174143340607,0.999213404128832
