,mape,mse,rmse,r2score
0,3918967199.4343348,15.791868330315229,62601.65492568335,0.9866900053344738
