,mape,mse,rmse,r2score
0,1168012.6561906948,0.2666670385381182,1080.7463422055587,0.9987480254559179
