,mape,mse,rmse,r2score
0,2011286164.2953868,11.539502613209791,44847.36518788352,0.9627907235734231
