,mape,mse,rmse,r2score
0,5108366.641509434,0.6191442933620033,2260.169604589318,0.9945244214922583
