,mape,mse,rmse,r2score
0,5108721.510115714,0.6191734123943349,2260.248108088073,0.9945240411141355
