,mape,mse,rmse,r2score
0,82425409.9603588,0.4485557712119272,9078.84408723703,0.9970412353188566
