,mape,mse,rmse,r2score
0,160780986.77223557,0.8033398256724336,12679.944273230682,0.9954449191054283
