,mape,mse,rmse,r2score
0,3795974.040294929,0.12084897073887808,1948.325958430706,0.9992608789750791
