,mape,mse,rmse,r2score
0,25789304.224137932,0.444294987561909,5078.317066129086,0.9960852120117178
