,mape,mse,rmse,r2score
0,24659824.642909788,0.42369334783512475,4965.865950960596,0.9951984405923332
