,mape,mse,rmse,r2score
0,10796933583.109083,7.986355494342183,103908.29410162156,0.9352756242915472
