,mape,mse,rmse,r2score
0,49583770.34615385,0.8470248352494606,7041.574422396872,0.9954291236433894
