,mape,mse,rmse,r2score
0,4815974.840212255,0.23359441713392357,2194.5329435240324,0.9995767748025256
