,mape,mse,rmse,r2score
0,24505294914.382286,16.429762600220375,156541.67149478852,0.9915709334283774
