,mape,mse,rmse,r2score
0,55708034.549019605,0.9735096141597501,7463.781518038936,0.9956080155142716
