,mape,mse,rmse,r2score
0,48935719.127137385,0.843146701109154,6995.407002250648,0.9956995561483823
