,mape,mse,rmse,r2score
0,23836986.054545455,1.109581045410325,4882.313596497613,0.9959438378249311
