,mape,mse,rmse,r2score
0,20929294.131762236,0.9269791644872185,4574.854547607195,0.9951909518133698
