,mape,mse,rmse,r2score
0,20738045.61403509,0.9376341333206137,4553.904436199236,0.9960505616502755
