,mape,mse,rmse,r2score
0,3238808.3545837947,0.29303152055036025,1799.6689569428581,0.9992557997729691
