,mape,mse,rmse,r2score
0,9356294243.355412,17.279871722179006,96727.93931101506,0.9907769764320328
