,mape,mse,rmse,r2score
0,8036.742707372018,0.20816443507648583,89.64788177850059,0.9993453602610983
