,mape,mse,rmse,r2score
0,56384.28846153846,0.6610088670824998,237.4537606809765,0.9951788954610961
