,mape,mse,rmse,r2score
0,62523.58,0.7315265800540617,250.0471555527077,0.995081373439252
