,mape,mse,rmse,r2score
0,26066918.043840602,12.423914904911168,5105.577150904744,0.9932143583420022
