,mape,mse,rmse,r2score
0,56740.933766059155,0.6672211774061427,238.20355531783977,0.9953781187953703
