,mape,mse,rmse,r2score
0,1425589558.0479684,12.354878187054272,37756.98025594696,0.9852040824605417
