,mape,mse,rmse,r2score
0,3053897.4905706444,0.6510105671931737,1747.5404117131725,0.9953937220662311
