,mape,mse,rmse,r2score
0,244890.08577947132,0.15997729746390926,494.8637042453925,0.9996306255197472
