,mape,mse,rmse,r2score
0,3122920.117647059,0.655463392370202,1767.1785754832642,0.9947249750455096
