,mape,mse,rmse,r2score
0,81757517083.9394,19.079942243087405,285932.71425973525,0.9949018717401246
