,mape,mse,rmse,r2score
0,159900335.21153846,1.0011952939407966,12645.170430308104,0.9956696595025281
