,mape,mse,rmse,r2score
0,3195729.6357963756,0.11982524375958886,1787.6603804404167,0.9999171652433981
