,mape,mse,rmse,r2score
0,159194448.41568395,1.0049848591185497,12617.228238233782,0.9958736079425577
