,mape,mse,rmse,r2score
0,12921072.220853573,3.0646670188113543,3594.5892979384407,0.05559481617772988
