,mape,mse,rmse,r2score
0,28104.098039215685,0.15116789791652982,167.6427691229648,0.9935228778416105
