,mape,mse,rmse,r2score
0,4293.772507420644,0.053648893164022375,65.52688385251236,0.9991364143307226
