,mape,mse,rmse,r2score
0,35554.04,0.1783648096456527,188.5577895500475,0.994378956388138
