,mape,mse,rmse,r2score
0,27612.344602188976,0.15050370928150758,166.16962599160226,0.9944464628593186
