,mape,mse,rmse,r2score
0,773508.8113207547,0.4504640592860234,879.4934970315328,0.9949845727574912
