,mape,mse,rmse,r2score
0,153801.36005453963,0.16720031361805657,392.17516501499637,0.9986690379792225
