,mape,mse,rmse,r2score
0,631654.074074074,0.3772907949548521,794.7666790159701,0.9948254294505876
