,mape,mse,rmse,r2score
0,250504556.5483974,7.100178671129793,15827.335737526939,0.8946955148660745
