,mape,mse,rmse,r2score
0,636336.0193377801,0.37718911309358993,797.7067251426304,0.9944932926868072
