,mape,mse,rmse,r2score
0,798477.9741360646,0.6311874806781773,893.5759476038198,0.9951705356123928
