,mape,mse,rmse,r2score
0,100567.01336986232,0.18804868056149854,317.12302560656536,0.9993917367474497
