,mape,mse,rmse,r2score
0,798422.641509434,0.631159809347062,893.5449857222825,0.9951708702828013
