,mape,mse,rmse,r2score
0,348771798.58001435,11.675001773226281,18675.43302255705,0.9693341798313907
