,mape,mse,rmse,r2score
0,73898.02,0.47393066764330344,271.8419025831007,0.9940870362053753
