,mape,mse,rmse,r2score
0,62196.13725490196,0.4124463448261202,249.39153404817486,0.9934634677359058
