,mape,mse,rmse,r2score
0,25729.45121624714,0.24616026104667,160.4040249378024,0.9975852058272555
