,mape,mse,rmse,r2score
0,22511199.819368172,7.950728223357202,4744.596907996312,0.8954895194160093
