,mape,mse,rmse,r2score
0,64292.1491572542,0.4203419761429593,253.55896583882455,0.9939659689655517
