,mape,mse,rmse,r2score
0,4759083.843137255,0.7371172534363881,2181.5324529186482,0.9944835269410691
