,mape,mse,rmse,r2score
0,2071230456.5936568,13.979343377162284,45510.77297293089,0.984956242891076
