,mape,mse,rmse,r2score
0,727769.1627669614,0.23839635039176557,853.0938768781319,0.9992460872802276
