,mape,mse,rmse,r2score
0,4604615.894895158,0.7234922234733614,2145.8368751830035,0.9952299730870307
