,mape,mse,rmse,r2score
0,5376948.52,0.8497452996280723,2318.82481442648,0.9949679407931302
