,mape,mse,rmse,r2score
0,3157804.34,0.6779242795316683,1777.0211985229664,0.9949885711176207
