,mape,mse,rmse,r2score
0,243124.23736837425,0.13579932348617066,493.0762997431272,0.9995258617155252
