,mape,mse,rmse,r2score
0,1091807008.6296751,10.471750074382982,33042.50306241455,0.9679431987785001
