,mape,mse,rmse,r2score
0,2548789.8301287955,0.5647904667164221,1596.4929784151245,0.9950293773643261
