,mape,mse,rmse,r2score
0,2500092.0,0.5556045070961524,1581.1679227710129,0.994825893977007
