,mape,mse,rmse,r2score
0,407835676363.6531,18.116964343879737,638620.1346369006,0.9807359607333088
