,mape,mse,rmse,r2score
0,934602162.6429834,0.9881897412881906,30571.26367429033,0.9948876497397372
