,mape,mse,rmse,r2score
0,62228099.44189504,0.18587320528238319,7888.478905460484,0.999659607207116
