,mape,mse,rmse,r2score
0,967983107.4827586,1.0540947975485673,31112.42689798979,0.9960287515368618
