,mape,mse,rmse,r2score
0,51206.65665842418,2.1985988769108333,226.28887877760184,-0.25075388910346175
