,mape,mse,rmse,r2score
0,166.22636347472783,0.1324642690919698,12.89288034051072,0.9907091049565933
