,mape,mse,rmse,r2score
0,113.24,0.09923188030246034,10.641428475538422,0.9926944501381513
