,mape,mse,rmse,r2score
0,172.10204081632654,0.10857396203558468,13.118766741440544,0.9900740915044637
