,mape,mse,rmse,r2score
0,109.20217668785239,0.0966252700329988,10.449984530507804,0.9938963595129563
